Designator,Val,Package,Mid X,Mid Y,Rotation,Layer
C1,Generic Capacitor,C_0603_1608Metric,51.731600,-30.331400,90.000000,bottom
C2,Generic Capacitor,C_0603_1608Metric,51.731600,-40.831400,0.000000,bottom
C3,Generic Capacitor,C_0603_1608Metric,81.731600,-25.106400,90.000000,bottom
C4,Generic Capacitor,C_0603_1608Metric,51.731600,-45.331400,0.000000,bottom
C5,Generic Capacitor,C_0603_1608Metric,76.031600,-41.831400,0.000000,bottom
C6,Generic Capacitor,C_0603_1608Metric,76.031600,-45.331400,0.000000,bottom
C7,Generic Capacitor,C_0603_1608Metric,51.731600,-35.831400,0.000000,bottom
C8,Generic Capacitor,C_0603_1608Metric,90.321600,-38.252800,90.000000,bottom
C9,Generic Capacitor,C_0603_1608Metric,74.731600,-56.606400,90.000000,bottom
C10,Generic Capacitor,C_0603_1608Metric,46.231600,-25.331400,0.000000,bottom
C11,Generic Capacitor,C_0603_1608Metric,46.231600,-31.331400,0.000000,bottom
C12,Generic Capacitor,C_0603_1608Metric,82.231600,-28.531400,0.000000,bottom
C13,Generic Capacitor,C_0603_1608Metric,84.231600,-39.831400,90.000000,bottom
C14,Generic Capacitor,C_0603_1608Metric,83.731600,-53.831400,0.000000,bottom
C15,Generic Capacitor,C_0603_1608Metric,44.231600,-22.831400,0.000000,bottom
C16,Generic Capacitor,C_0603_1608Metric,48.231600,-28.831400,0.000000,bottom
C17,Generic Capacitor,C_0603_1608Metric,62.231600,-24.831400,90.000000,bottom
C18,Generic Capacitor,C_0603_1608Metric,66.231600,-24.831400,90.000000,bottom
C19,Generic Capacitor,C_0603_1608Metric,86.231600,-55.831400,0.000000,bottom
C20,Generic Capacitor,C_0603_1608Metric,81.736600,-36.452800,90.000000,bottom
R1,Generic Resistor,R_0603_1608Metric,90.334100,-34.717100,90.000000,bottom
R2,Generic Resistor,R_0603_1608Metric,81.949100,-40.020700,90.000000,bottom
R3,Generic Resistor,R_0603_1608Metric,51.731600,-48.831400,0.000000,bottom
R4,Generic Resistor,R_0603_1608Metric,85.442300,-31.883900,0.000000,bottom
R5,Generic Resistor,R_0603_1608Metric,81.246600,-46.152500,0.000000,bottom
R6,Generic Resistor,R_0603_1608Metric,90.334100,-49.788500,90.000000,bottom
R7,Generic Resistor,R_0603_1608Metric,82.645200,-50.853900,0.000000,bottom
R8,Generic Resistor,R_0603_1608Metric,86.840900,-47.883900,0.000000,bottom
R9,Generic Resistor,R_0603_1608Metric,85.442300,-42.853900,0.000000,bottom
R10,Generic Resistor,R_0603_1608Metric,90.334100,-54.252800,90.000000,bottom
R11,Generic Resistor,R_0603_1608Metric,51.731600,-32.831400,0.000000,bottom
R12,Generic Resistor,R_0603_1608Metric,76.031600,-35.331400,0.000000,bottom
R13,Generic Resistor,R_0603_1608Metric,89.231600,-32.456400,0.000000,bottom
R14,Generic Resistor,R_0603_1608Metric,93.981600,-32.456400,0.000000,bottom
R15,Generic Resistor,R_0603_1608Metric,84.481600,-37.206400,0.000000,bottom
R16,Generic Resistor,R_0603_1608Metric,90.334100,-46.252800,90.000000,bottom
R17,Generic Resistor,R_0603_1608Metric,90.334100,-42.717100,90.000000,bottom
R18,Generic Resistor,R_0603_1608Metric,81.949100,-42.717100,90.000000,bottom
R19,Generic Resistor,R_0603_1608Metric,81.949100,-48.020700,90.000000,bottom
R20,Generic Resistor,R_0603_1608Metric,85.442300,-50.853900,0.000000,bottom
R21,Generic Resistor,R_0603_1608Metric,86.840900,-39.883900,0.000000,bottom
R22,Generic Resistor,R_0603_1608Metric,88.239500,-50.853900,0.000000,bottom
R23,Generic Resistor,R_0603_1608Metric,81.246600,-44.585300,0.000000,bottom
R24,Generic Resistor,R_0603_1608Metric,81.949100,-54.252800,90.000000,bottom
R25,Generic Resistor,R_0603_1608Metric,90.431600,-58.331400,0.000000,bottom
R26,Generic Resistor,R_0603_1608Metric,48.231600,-22.331400,90.000000,bottom
R27,Generic Resistor,R_0603_1608Metric,51.731600,-22.331400,90.000000,bottom
R28,Generic Resistor,R_0603_1608Metric,49.231600,-39.331400,-90.000000,bottom
FB1,BLM18AG601SN1D,Fuse_0603_1608Metric,50.231600,-25.331400,0.000000,top
J1,302-S401,302-S401,35.165600,-65.331400,180.000000,top
TP1,Test Point 1.8mm,Test_Point_1.8mm,91.731600,-29.331400,0.000000,top
TP2,Test Point 1.8mm,Test_Point_1.8mm,90.711600,-52.531400,0.000000,top
TP3,Test Point 1.8mm,Test_Point_1.8mm,81.571600,-52.531400,0.000000,top
TP4,Test Point 1.8mm,Test_Point_1.8mm,90.711600,-55.881400,0.000000,top
TP5,Test Point 1.8mm,Test_Point_1.8mm,49.500000,-40.000000,0.000000,top
TP6,Test Point 1.8mm,Test_Point_1.8mm,49.231600,-33.331400,0.000000,top
TP7,Test Point 1.8mm,Test_Point_1.8mm,49.231600,-30.331400,0.000000,top
TP8,Test Point 1.8mm,Test_Point_1.8mm,49.231600,-36.331400,0.000000,top
U1,MCP4251-103E-SL,SOIC-14_3.9x8.7mm_P1.27mm,59.231600,-32.331400,0.000000,top
U2,MCP4251-103E-SL,SOIC-14_3.9x8.7mm_P1.27mm,69.731600,-32.540000,0.000000,top
U3,MCP4251-103E-SL,SOIC-14_3.9x8.7mm_P1.27mm,59.231600,-42.831400,0.000000,top
U4,MCP4251-103E-SL,SOIC-14_3.9x8.7mm_P1.27mm,69.731600,-43.270000,0.000000,top
U5,MCP4251-103E-SL,SOIC-14_3.9x8.7mm_P1.27mm,59.231600,-53.331400,0.000000,top
U6,MCP4251-103E-SL,SOIC-14_3.9x8.7mm_P1.27mm,69.975000,-53.540000,0.000000,top
U7,SN74HC138PWR,easyeda2kicad_TSSOP-16_L5.0-W4.4-P0.65-LS6.4-BL,43.731600,-39.500000,0.000000,top
U8,MCP4728A0T-E/UN,Package_SO_MSOP-10_3x3mm_P0.5mm,79.300000,-29.000000,0.000000,top
U9,ADS1115IDGSR,Package_SO_VSSOP-10_3x3mm_P0.5mm,80.731600,-56.831400,0.000000,top
U10,AMS1117-3.3,Package_TO_SOT_SMD_SOT-223,44.231600,-25.331400,0.000000,top
U11,OPA2333AIDGKTG4,easyeda2kicad_VSSOP-8_L3.0-W3.0-P0.65-LS4.9-BL,86.231600,-37.331400,0.000000,top
U12,OPA2333AIDGKTG4,easyeda2kicad_VSSOP-8_L3.0-W3.0-P0.65-LS4.9-BL,86.231600,-45.331400,0.000000,top
U13,OPA2333AIDGKTG4,easyeda2kicad_VSSOP-8_L3.0-W3.0-P0.65-LS4.9-BL,86.231600,-53.331400,0.000000,top