Reference,Value,Footprint,Manufacturer Part Number,Manufacturer,Package,Datasheet,Description,LCSC Part Number,DNP,Exclude from BOM
C1,Generic Capacitor,C_0603_1608Metric,CL10B104KB8NNNC,Samsung Electro-Mechanics,SMD_0603_1608Metric,,Decoupling,,,
C2,Generic Capacitor,C_0603_1608Metric,CL10B104KB8NNNC,Samsung Electro-Mechanics,SMD_0603_1608Metric,,Decoupling,,,
C3,Generic Capacitor,C_0603_1608Metric,CL10B104KB8NNNC,Samsung Electro-Mechanics,SMD_0603_1608Metric,,Decoupling,,,
C4,Generic Capacitor,C_0603_1608Metric,CL10B104KB8NNNC,Samsung Electro-Mechanics,SMD_0603_1608Metric,,Decoupling,,,
C5,Generic Capacitor,C_0603_1608Metric,CL10B104KB8NNNC,Samsung Electro-Mechanics,SMD_0603_1608Metric,,Decoupling,,,
C6,Generic Capacitor,C_0603_1608Metric,CL10B104KB8NNNC,Samsung Electro-Mechanics,SMD_0603_1608Metric,,Decoupling,,,
C7,Generic Capacitor,C_0603_1608Metric,CL10B104KB8NNNC,Samsung Electro-Mechanics,SMD_0603_1608Metric,,Decoupling,,,
C8,Generic Capacitor,C_0603_1608Metric,CL10B104KB8NNNC,Samsung Electro-Mechanics,SMD_0603_1608Metric,,Decoupling,,,
C9,Generic Capacitor,C_0603_1608Metric,CL10B104KB8NNNC,Samsung Electro-Mechanics,SMD_0603_1608Metric,,Decoupling,,,
C10,Generic Capacitor,C_0603_1608Metric,CL10B104KB8NNNC,Samsung Electro-Mechanics,SMD_0603_1608Metric,,Decoupling,,,
C11,Generic Capacitor,C_0603_1608Metric,CL10B104KB8NNNC,Samsung Electro-Mechanics,SMD_0603_1608Metric,,Decoupling,,,
C12,Generic Capacitor,C_0603_1608Metric,CL10B104KB8NNNC,Samsung Electro-Mechanics,SMD_0603_1608Metric,,Decoupling,,,
C13,Generic Capacitor,C_0603_1608Metric,CL10B104KB8NNNC,Samsung Electro-Mechanics,SMD_0603_1608Metric,,Decoupling,,,
C14,Generic Capacitor,C_0603_1608Metric,CL10B104KB8NNNC,Samsung Electro-Mechanics,SMD_0603_1608Metric,,Decoupling,,,
C15,Generic Capacitor,C_0603_1608Metric,C2012X5R1A106M085AB,TDK,SMD_0805_2012Metric,,Bulk,,,
C16,Generic Capacitor,C_0603_1608Metric,C2012X5R1A106M085AB,TDK,SMD_0805_2012Metric,,Bulk,,,
C17,Generic Capacitor,C_0603_1608Metric,C2012X5R1A106M085AB,TDK,SMD_0805_2012Metric,,Bulk,,,
C18,Generic Capacitor,C_0603_1608Metric,C2012X5R1A106M085AB,TDK,SMD_0805_2012Metric,,Bulk,,,
C19,Generic Capacitor,C_0603_1608Metric,C2012X5R1A106M085AB,TDK,SMD_0805_2012Metric,,Bulk,,,
C20,Generic Capacitor,C_0603_1608Metric,C2012X5R1A106M085AB,TDK,SMD_0805_2012Metric,,Bulk,,,
FB1,BLM18AG601SN1D,Fuse:0603_1608Metric,BLM18AG601SN1D,Murata Electronics,0603,https://www.murata.com/en-us/products/productdata/8796738650142/ENFA0003.pdf,Rail Filter,,,
J1,302-S401,302-S401,302-S401,On Shore Technology Inc.,2x20 TH 2.54mm,https://mm.digikey.com/Volume0/opasdata/d220001/medias/docus/6025/302-S.pdf,Host Interface Header,,,
R1,Generic Resistor,R_0603_1608Metric,RC0603FR-1310KL,Yageo,SMD_0603_1608Metric,,Bias and Feedback,,,
R2,Generic Resistor,R_0603_1608Metric,RC0603FR-1310KL,Yageo,SMD_0603_1608Metric,,Bias and Feedback,,,
R3,Generic Resistor,R_0603_1608Metric,RC0603FR-1310KL,Yageo,SMD_0603_1608Metric,,Bias and Feedback,,,
R4,Generic Resistor,R_0603_1608Metric,RC0603FR-1310KL,Yageo,SMD_0603_1608Metric,,Bias and Feedback,,,
R5,Generic Resistor,R_0603_1608Metric,RC0603FR-1310KL,Yageo,SMD_0603_1608Metric,,Bias and Feedback,,,
R6,Generic Resistor,R_0603_1608Metric,RC0603FR-1310KL,Yageo,SMD_0603_1608Metric,,Bias and Feedback,,,
R7,Generic Resistor,R_0603_1608Metric,RC0603FR-1310KL,Yageo,SMD_0603_1608Metric,,Bias and Feedback,,,
R8,Generic Resistor,R_0603_1608Metric,RC0603FR-1310KL,Yageo,SMD_0603_1608Metric,,Bias and Feedback,,,
R9,Generic Resistor,R_0603_1608Metric,RC0603FR-1310KL,Yageo,SMD_0603_1608Metric,,Bias and Feedback,,,
R10,Generic Resistor,R_0603_1608Metric,RC0603FR-1310KL,Yageo,SMD_0603_1608Metric,,Bias and Feedback,,,
R11,Generic Resistor,R_0603_1608Metric,RC0603FR-1310KL,Yageo,SMD_0603_1608Metric,,Bias and Feedback,,,
R12,Generic Resistor,R_0603_1608Metric,PAT0603E4002BST1,Vishay Dale Thin Film,SMD_0603_1608Metric,,Slice Summing Input,,,
R13,Generic Resistor,R_0603_1608Metric,PAT0603E4002BST1,Vishay Dale Thin Film,SMD_0603_1608Metric,,Slice Summing Input,,,
R14,Generic Resistor,R_0603_1608Metric,PAT0603E4002BST1,Vishay Dale Thin Film,SMD_0603_1608Metric,,Slice Summing Input,,,
R15,Generic Resistor,R_0603_1608Metric,PAT0603E4002BST1,Vishay Dale Thin Film,SMD_0603_1608Metric,,Slice Summing Input,,,
R16,Generic Resistor,R_0603_1608Metric,PAT0603E4002BST1,Vishay Dale Thin Film,SMD_0603_1608Metric,,Slice Summing Input,,,
R17,Generic Resistor,R_0603_1608Metric,PAT0603E4002BST1,Vishay Dale Thin Film,SMD_0603_1608Metric,,Slice Summing Input,,,
R18,Generic Resistor,R_0603_1608Metric,PAT0603E4002BST1,Vishay Dale Thin Film,SMD_0603_1608Metric,,Slice Summing Input,,,
R19,Generic Resistor,R_0603_1608Metric,PAT0603E4002BST1,Vishay Dale Thin Film,SMD_0603_1608Metric,,Slice Summing Input,,,
R20,Generic Resistor,R_0603_1608Metric,PAT0603E4002BST1,Vishay Dale Thin Film,SMD_0603_1608Metric,,Slice Summing Input,,,
R21,Generic Resistor,R_0603_1608Metric,PAT0603E4002BST1,Vishay Dale Thin Film,SMD_0603_1608Metric,,Slice Summing Input,,,
R22,Generic Resistor,R_0603_1608Metric,PAT0603E4002BST1,Vishay Dale Thin Film,SMD_0603_1608Metric,,Slice Summing Input,,,
R23,Generic Resistor,R_0603_1608Metric,PAT0603E4002BST1,Vishay Dale Thin Film,SMD_0603_1608Metric,,Slice Summing Input,,,
R24,Generic Resistor,R_0603_1608Metric,PAT0603E2564BST1,Vishay Dale Thin Film,SMD_0603_1608Metric,,Binary Scaling,,,
R25,Generic Resistor,R_0603_1608Metric,PAT0603E2564BST1,Vishay Dale Thin Film,SMD_0603_1608Metric,,Binary Scaling,,,
R26,Generic Resistor,R_0603_1608Metric,RC0603FR-074K7L,Yageo,SMD_0603_1608Metric,,Pull-Up,,,
R27,Generic Resistor,R_0603_1608Metric,RC0603FR-074K7L,Yageo,SMD_0603_1608Metric,,Pull-Up,,,
R28,Generic Resistor,R_0603_1608Metric,RC0603JR-130RL,Yageo,SMD_0603_1608Metric,,Star Ground Tie,,,
U1,MCP4251-103E-SL,SOIC-14_3.9x8.7mm_P1.27mm,MCP4251-103E/SL,Microchip,SOIC-14,https://ww1.microchip.com/downloads/en/DeviceDoc/22060b.pdf,Programmable Weight Slice,,,
U2,MCP4251-103E-SL,SOIC-14_3.9x8.7mm_P1.27mm,MCP4251-103E/SL,Microchip,SOIC-14,https://ww1.microchip.com/downloads/en/DeviceDoc/22060b.pdf,Programmable Weight Slice,,,
U3,MCP4251-103E-SL,SOIC-14_3.9x8.7mm_P1.27mm,MCP4251-103E/SL,Microchip,SOIC-14,https://ww1.microchip.com/downloads/en/DeviceDoc/22060b.pdf,Programmable Weight Slice,,,
U4,MCP4251-103E-SL,SOIC-14_3.9x8.7mm_P1.27mm,MCP4251-103E/SL,Microchip,SOIC-14,https://ww1.microchip.com/downloads/en/DeviceDoc/22060b.pdf,Programmable Weight Slice,,,
U5,MCP4251-103E-SL,SOIC-14_3.9x8.7mm_P1.27mm,MCP4251-103E/SL,Microchip,SOIC-14,https://ww1.microchip.com/downloads/en/DeviceDoc/22060b.pdf,Programmable Weight Slice,,,
U6,MCP4251-103E-SL,SOIC-14_3.9x8.7mm_P1.27mm,MCP4251-103E/SL,Microchip,SOIC-14,https://ww1.microchip.com/downloads/en/DeviceDoc/22060b.pdf,Programmable Weight Slice,,,
U7,SN74HC138PWR,easyeda2kicad:TSSOP-16_L5.0-W4.4-P0.65-LS6.4-BL,SN74HC138PWR,TI(德州仪器),TSSOP-16,https://storage.googleapis.com/graviton-electric-symbols/document_assets/lcsc/2410010330_Texas-Instruments-SN74HC138PWR_C157527.pdf,Chip-Select Decoder,C157527,,
U8,MCP4728A0T-E/UN,Package_SO:MSOP-10_3x3mm_P0.5mm,MCP4728A0T-E/UN,Microchip Technology,MSOP-10,https://ww1.microchip.com/downloads/en/DeviceDoc/22187E.pdf,Input DAC,,,
U9,ADS1115IDGSR,Package_SO:VSSOP-10_3x3mm_P0.5mm,ADS1115IDGSR,Texas Instruments,VSSOP-10,https://www.ti.com/general/docs/suppproductinfo.tsp?distId=10&gotoUrl=https%3A%2F%2Fwww.ti.com%2Flit%2Fgpn%2Fads1113,Output ADC,,,
U10,AMS1117-3.3,Package_TO_SOT_SMD:SOT-223,AMS1117-3.3,AMS ,SOT-223,http://www.advanced-monolithic.com/pdf/ds1117.pdf,3.3V Regulator,,,
U11,OPA2333AIDGKTG4,easyeda2kicad:VSSOP-8_L3.0-W3.0-P0.65-LS4.9-BL,OPA2333AIDGKTG4,TI(德州仪器),VSSOP-8,,Precision Summing Amplifier,C2060187,,
U12,OPA2333AIDGKTG4,easyeda2kicad:VSSOP-8_L3.0-W3.0-P0.65-LS4.9-BL,OPA2333AIDGKTG4,TI(德州仪器),VSSOP-8,,Precision Summing Amplifier,C2060187,,
U13,OPA2333AIDGKTG4,easyeda2kicad:VSSOP-8_L3.0-W3.0-P0.65-LS4.9-BL,OPA2333AIDGKTG4,TI(德州仪器),VSSOP-8,,Precision Summing Amplifier,C2060187,,
